-- 游戏数据统计示例数据
-- 用途：
-- 1. 直观看 MySQL 8 统计模型的数据长相
-- 2. 便于验证留存、充值留存、LTV 的查询结果

SET NAMES utf8mb4;

-- 维度数据
INSERT INTO dim_channel (id, channel_code, channel_name, status, created_at, updated_at) VALUES
(1, 'game', '游戏主渠道', 1, '2025-06-01 00:00:00.000', '2025-06-01 00:00:00.000'),
(2, 'ios_ads', 'iOS 买量渠道', 1, '2025-06-01 00:00:00.000', '2025-06-01 00:00:00.000');

INSERT INTO dim_area (id, area_code, area_name, status, created_at, updated_at) VALUES
(1, '1', '1服', 1, '2025-06-01 00:00:00.000', '2025-06-01 00:00:00.000'),
(2, '19', '19服', 1, '2025-06-01 00:00:00.000', '2025-06-01 00:00:00.000'),
(3, '25', '25服', 1, '2025-06-01 00:00:00.000', '2025-06-01 00:00:00.000');

INSERT INTO dim_system (id, system_code, system_name, status, created_at, updated_at) VALUES
(1, '', '默认系统', 1, '2025-06-01 00:00:00.000', '2025-06-01 00:00:00.000'),
(2, 'android', '安卓', 1, '2025-06-01 00:00:00.000', '2025-06-01 00:00:00.000'),
(3, 'ios', 'iOS', 1, '2025-06-01 00:00:00.000', '2025-06-01 00:00:00.000');

-- 注册事实
-- cohort 2025-06-17 / game / area 25
INSERT INTO fact_user_register (
    user_id, register_time, register_date, channel_code, area_code, system_code, device_id, created_at
) VALUES
(10001, '2025-06-17 09:10:00.000', '2025-06-17', 'game', '25', 'android', 'dev_a_10001', '2025-06-17 09:10:00.000'),
(10002, '2025-06-17 09:15:00.000', '2025-06-17', 'game', '25', 'android', 'dev_a_10002', '2025-06-17 09:15:00.000'),
(10003, '2025-06-17 09:28:00.000', '2025-06-17', 'game', '25', 'ios', 'dev_i_10003', '2025-06-17 09:28:00.000'),
(10004, '2025-06-17 09:35:00.000', '2025-06-17', 'game', '25', 'ios', 'dev_i_10004', '2025-06-17 09:35:00.000'),
(10005, '2025-06-17 09:50:00.000', '2025-06-17', 'game', '25', 'android', 'dev_a_10005', '2025-06-17 09:50:00.000'),

-- cohort 2025-06-27 / game / area 19
(10006, '2025-06-27 23:01:00.000', '2025-06-27', 'game', '19', 'android', 'dev_a_10006', '2025-06-27 23:01:00.000'),
(10007, '2025-06-27 23:10:00.000', '2025-06-27', 'game', '19', 'android', 'dev_a_10007', '2025-06-27 23:10:00.000'),
(10008, '2025-06-27 23:16:00.000', '2025-06-27', 'game', '19', 'ios', 'dev_i_10008', '2025-06-27 23:16:00.000'),

-- cohort 2024-12-25 / game / area 1
(10009, '2024-12-25 00:03:00.000', '2024-12-25', 'game', '1', 'android', 'dev_a_10009', '2024-12-25 00:03:00.000'),
(10010, '2024-12-25 00:08:00.000', '2024-12-25', 'game', '1', 'android', 'dev_a_10010', '2024-12-25 00:08:00.000'),
(10011, '2024-12-25 00:16:00.000', '2024-12-25', 'game', '1', 'ios', 'dev_i_10011', '2024-12-25 00:16:00.000'),
(10012, '2024-12-25 00:25:00.000', '2024-12-25', 'game', '1', 'ios', 'dev_i_10012', '2024-12-25 00:25:00.000');

-- 创角事实
INSERT INTO fact_player_create (
    player_id, user_id, create_time, create_date, channel_code, area_code, system_code, created_at
) VALUES
(20001, 10001, '2025-06-17 09:20:00.000', '2025-06-17', 'game', '25', 'android', '2025-06-17 09:20:00.000'),
(20002, 10002, '2025-06-17 10:05:00.000', '2025-06-17', 'game', '25', 'android', '2025-06-17 10:05:00.000'),
(20003, 10003, '2025-06-17 10:15:00.000', '2025-06-17', 'game', '25', 'ios', '2025-06-17 10:15:00.000'),
(20004, 10006, '2025-06-27 23:20:00.000', '2025-06-27', 'game', '19', 'android', '2025-06-27 23:20:00.000'),
(20005, 10009, '2024-12-25 00:06:00.000', '2024-12-25', 'game', '1', 'android', '2024-12-25 00:06:00.000'),
(20006, 10010, '2024-12-25 00:12:00.000', '2024-12-25', 'game', '1', 'android', '2024-12-25 00:12:00.000'),
(20007, 10011, '2024-12-25 00:18:00.000', '2024-12-25', 'game', '1', 'ios', '2024-12-25 00:18:00.000');

-- 活跃日事实
-- 2025-06-17 cohort 的用户，构造 1 留、3 留、7 留
INSERT INTO fact_user_active_daily (
    stat_date, user_id, channel_code, area_code, system_code, active_minutes, login_count, first_login_time, last_login_time, created_at, updated_at
) VALUES
('2025-06-17', 10001, 'game', '25', 'android', 35, 2, '2025-06-17 09:10:00.000', '2025-06-17 20:05:00.000', '2025-06-17 23:59:00.000', '2025-06-17 23:59:00.000'),
('2025-06-17', 10002, 'game', '25', 'android', 18, 1, '2025-06-17 09:15:00.000', '2025-06-17 09:33:00.000', '2025-06-17 23:59:00.000', '2025-06-17 23:59:00.000'),
('2025-06-17', 10003, 'game', '25', 'ios', 52, 3, '2025-06-17 09:28:00.000', '2025-06-17 22:20:00.000', '2025-06-17 23:59:00.000', '2025-06-17 23:59:00.000'),
('2025-06-17', 10004, 'game', '25', 'ios', 10, 1, '2025-06-17 09:35:00.000', '2025-06-17 09:45:00.000', '2025-06-17 23:59:00.000', '2025-06-17 23:59:00.000'),
('2025-06-17', 10005, 'game', '25', 'android', 8, 1, '2025-06-17 09:50:00.000', '2025-06-17 09:58:00.000', '2025-06-17 23:59:00.000', '2025-06-17 23:59:00.000'),

('2025-06-18', 10001, 'game', '25', 'android', 40, 2, '2025-06-18 08:00:00.000', '2025-06-18 21:00:00.000', '2025-06-18 23:59:00.000', '2025-06-18 23:59:00.000'),
('2025-06-18', 10003, 'game', '25', 'ios', 45, 2, '2025-06-18 10:00:00.000', '2025-06-18 22:00:00.000', '2025-06-18 23:59:00.000', '2025-06-18 23:59:00.000'),
('2025-06-18', 10004, 'game', '25', 'ios', 12, 1, '2025-06-18 11:00:00.000', '2025-06-18 11:12:00.000', '2025-06-18 23:59:00.000', '2025-06-18 23:59:00.000'),

('2025-06-20', 10001, 'game', '25', 'android', 22, 1, '2025-06-20 13:00:00.000', '2025-06-20 13:22:00.000', '2025-06-20 23:59:00.000', '2025-06-20 23:59:00.000'),
('2025-06-20', 10003, 'game', '25', 'ios', 37, 2, '2025-06-20 14:00:00.000', '2025-06-20 21:10:00.000', '2025-06-20 23:59:00.000', '2025-06-20 23:59:00.000'),

('2025-06-24', 10001, 'game', '25', 'android', 28, 1, '2025-06-24 19:00:00.000', '2025-06-24 19:28:00.000', '2025-06-24 23:59:00.000', '2025-06-24 23:59:00.000'),
('2025-06-24', 10004, 'game', '25', 'ios', 16, 1, '2025-06-24 20:00:00.000', '2025-06-24 20:16:00.000', '2025-06-24 23:59:00.000', '2025-06-24 23:59:00.000'),

-- 2025-06-27 cohort
('2025-06-27', 10006, 'game', '19', 'android', 15, 1, '2025-06-27 23:01:00.000', '2025-06-27 23:16:00.000', '2025-06-27 23:59:00.000', '2025-06-27 23:59:00.000'),
('2025-06-27', 10007, 'game', '19', 'android', 12, 1, '2025-06-27 23:10:00.000', '2025-06-27 23:22:00.000', '2025-06-27 23:59:00.000', '2025-06-27 23:59:00.000'),
('2025-06-27', 10008, 'game', '19', 'ios', 20, 2, '2025-06-27 23:16:00.000', '2025-06-27 23:50:00.000', '2025-06-27 23:59:00.000', '2025-06-27 23:59:00.000'),
('2025-06-28', 10006, 'game', '19', 'android', 25, 1, '2025-06-28 20:00:00.000', '2025-06-28 20:25:00.000', '2025-06-28 23:59:00.000', '2025-06-28 23:59:00.000'),
('2025-06-28', 10008, 'game', '19', 'ios', 33, 2, '2025-06-28 12:00:00.000', '2025-06-28 22:00:00.000', '2025-06-28 23:59:00.000', '2025-06-28 23:59:00.000'),

-- 2024-12-25 cohort，用于 LTV
('2024-12-25', 10009, 'game', '1', 'android', 50, 3, '2024-12-25 00:03:00.000', '2024-12-25 23:10:00.000', '2024-12-25 23:59:00.000', '2024-12-25 23:59:00.000'),
('2024-12-25', 10010, 'game', '1', 'android', 25, 2, '2024-12-25 00:08:00.000', '2024-12-25 18:30:00.000', '2024-12-25 23:59:00.000', '2024-12-25 23:59:00.000'),
('2024-12-25', 10011, 'game', '1', 'ios', 42, 2, '2024-12-25 00:16:00.000', '2024-12-25 21:00:00.000', '2024-12-25 23:59:00.000', '2024-12-25 23:59:00.000'),
('2024-12-25', 10012, 'game', '1', 'ios', 11, 1, '2024-12-25 00:25:00.000', '2024-12-25 00:36:00.000', '2024-12-25 23:59:00.000', '2024-12-25 23:59:00.000'),
('2024-12-26', 10009, 'game', '1', 'android', 45, 2, '2024-12-26 09:00:00.000', '2024-12-26 22:00:00.000', '2024-12-26 23:59:00.000', '2024-12-26 23:59:00.000'),
('2024-12-26', 10010, 'game', '1', 'android', 20, 1, '2024-12-26 10:00:00.000', '2024-12-26 10:20:00.000', '2024-12-26 23:59:00.000', '2024-12-26 23:59:00.000'),
('2024-12-26', 10011, 'game', '1', 'ios', 30, 1, '2024-12-26 16:00:00.000', '2024-12-26 16:30:00.000', '2024-12-26 23:59:00.000', '2024-12-26 23:59:00.000'),
('2024-12-28', 10009, 'game', '1', 'android', 15, 1, '2024-12-28 18:00:00.000', '2024-12-28 18:15:00.000', '2024-12-28 23:59:00.000', '2024-12-28 23:59:00.000'),
('2025-01-01', 10009, 'game', '1', 'android', 19, 1, '2025-01-01 19:00:00.000', '2025-01-01 19:19:00.000', '2025-01-01 23:59:00.000', '2025-01-01 23:59:00.000'),
('2025-01-08', 10009, 'game', '1', 'android', 24, 1, '2025-01-08 20:00:00.000', '2025-01-08 20:24:00.000', '2025-01-08 23:59:00.000', '2025-01-08 23:59:00.000'),
('2025-01-09', 10011, 'game', '1', 'ios', 17, 1, '2025-01-09 14:00:00.000', '2025-01-09 14:17:00.000', '2025-01-09 23:59:00.000', '2025-01-09 23:59:00.000'),
('2025-01-14', 10009, 'game', '1', 'android', 21, 1, '2025-01-14 18:00:00.000', '2025-01-14 18:21:00.000', '2025-01-14 23:59:00.000', '2025-01-14 23:59:00.000');

-- 充值事实
INSERT INTO fact_recharge_order (
    order_id, user_id, player_id, pay_time, pay_date, channel_code, area_code, system_code, amount_cent, currency_code, order_status, created_at, updated_at
) VALUES
-- 2025-06-17 cohort 的充值
(30001, 10001, 20001, '2025-06-17 12:00:00.000', '2025-06-17', 'game', '25', 'android', 600, 'CNY', 1, '2025-06-17 12:00:00.000', '2025-06-17 12:00:00.000'),
(30002, 10003, 20003, '2025-06-18 18:00:00.000', '2025-06-18', 'game', '25', 'ios', 1280, 'CNY', 1, '2025-06-18 18:00:00.000', '2025-06-18 18:00:00.000'),
(30003, 10001, 20001, '2025-06-24 21:00:00.000', '2025-06-24', 'game', '25', 'android', 3000, 'CNY', 1, '2025-06-24 21:00:00.000', '2025-06-24 21:00:00.000'),

-- 2025-06-27 cohort 的充值
(30004, 10006, 20004, '2025-06-27 23:30:00.000', '2025-06-27', 'game', '19', 'android', 300, 'CNY', 1, '2025-06-27 23:30:00.000', '2025-06-27 23:30:00.000'),
(30005, 10008, NULL, '2025-06-28 12:20:00.000', '2025-06-28', 'game', '19', 'ios', 680, 'CNY', 1, '2025-06-28 12:20:00.000', '2025-06-28 12:20:00.000'),

-- 2024-12-25 cohort 的充值，用于 LTV1/3/7/14/20 示例
(30006, 10009, 20005, '2024-12-25 10:00:00.000', '2024-12-25', 'game', '1', 'android', 600, 'CNY', 1, '2024-12-25 10:00:00.000', '2024-12-25 10:00:00.000'),
(30007, 10010, 20006, '2024-12-25 12:00:00.000', '2024-12-25', 'game', '1', 'android', 760, 'CNY', 1, '2024-12-25 12:00:00.000', '2024-12-25 12:00:00.000'),
(30008, 10011, 20007, '2024-12-26 19:00:00.000', '2024-12-26', 'game', '1', 'ios', 1360, 'CNY', 1, '2024-12-26 19:00:00.000', '2024-12-26 19:00:00.000'),
(30009, 10009, 20005, '2024-12-28 11:00:00.000', '2024-12-28', 'game', '1', 'android', 3240, 'CNY', 1, '2024-12-28 11:00:00.000', '2024-12-28 11:00:00.000'),
(30010, 10009, 20005, '2025-01-01 15:00:00.000', '2025-01-01', 'game', '1', 'android', 5600, 'CNY', 1, '2025-01-01 15:00:00.000', '2025-01-01 15:00:00.000'),
(30011, 10011, 20007, '2025-01-08 20:00:00.000', '2025-01-08', 'game', '1', 'ios', 7460, 'CNY', 1, '2025-01-08 20:00:00.000', '2025-01-08 20:00:00.000');

-- 基础汇总示例
INSERT INTO ads_user_stat (
    id, stat_granularity, stat_time, stat_date, channel_code, area_code, system_code,
    new_user_num, created_player_num, no_create_player_num, created_at, updated_at
) VALUES
(1, 2, '2025-06-17 09:00:00', '2025-06-17', 'game', '25', '', 5, 3, 2, '2025-06-17 10:10:05.000', '2025-06-17 10:10:05.000'),
(2, 2, '2025-06-27 23:00:00', '2025-06-27', 'game', '19', '', 3, 1, 2, '2025-06-28 00:10:03.000', '2025-06-28 00:10:03.000');

INSERT INTO ads_player_stat (
    id, stat_granularity, stat_time, stat_date, channel_code, area_code, system_code,
    all_player_num, new_player_num, all_active_player_num, old_active_player_num,
    max_active_player_time, all_active_player_time, first_recharge_num, all_recharge_num,
    new_recharge_num, all_recharge_money_cent, old_recharge_money_cent, created_at, updated_at
) VALUES
(1, 2, '2025-05-10 12:00:00', '2025-05-10', 'game', '14', '', 1, 0, 0, 0, 0, 0, 0, 0, 0, 0, 0, '2025-05-10 13:10:05.000', '2025-05-10 13:10:05.000'),
(2, 2, '2025-06-17 09:00:00', '2025-06-17', 'game', '25', '', 3, 3, 5, 0, 52, 123, 1, 1, 1, 600, 0, '2025-06-17 10:10:05.000', '2025-06-17 10:10:05.000');

-- 用户留存汇总示例
-- 2025-06-17 / game / 25：cohort 5人
-- D1 留存 3人，D3 留存 2人，D7 留存 2人
INSERT INTO ads_user_retention_cohort (
    id, cohort_date, retention_day, channel_code, area_code, system_code,
    cohort_user_num, retained_user_num, retention_rate, created_at, updated_at
) VALUES
(1, '2025-06-17', 1, 'game', '25', '', 5, 3, 0.600000, '2025-06-18 00:10:05.000', '2025-06-18 00:10:05.000'),
(2, '2025-06-17', 3, 'game', '25', '', 5, 2, 0.400000, '2025-06-20 00:10:05.000', '2025-06-20 00:10:05.000'),
(3, '2025-06-17', 7, 'game', '25', '', 5, 2, 0.400000, '2025-06-24 00:10:05.000', '2025-06-24 00:10:05.000'),

-- 2025-06-27 / game / 19：cohort 3人
(4, '2025-06-27', 1, 'game', '19', '', 3, 2, 0.666667, '2025-06-28 00:10:05.000', '2025-06-28 00:10:05.000');

-- 充值留存汇总示例
-- 2025-06-17 当天付费用户：1人（10001），D7 再充值 1人
-- 2025-06-27 当天付费用户：1人（10006），D1 再充值 0人
INSERT INTO ads_recharge_retention_cohort (
    id, cohort_date, retention_day, channel_code, area_code, system_code,
    recharge_user_num, retained_recharge_user_num, retention_rate, created_at, updated_at
) VALUES
(1, '2025-06-17', 7, 'game', '25', '', 1, 1, 1.000000, '2025-06-24 00:10:05.000', '2025-06-24 00:10:05.000'),
(2, '2025-06-27', 1, 'game', '19', '', 1, 0, 0.000000, '2025-06-28 00:10:05.000', '2025-06-28 00:10:05.000');

-- LTV 汇总示例
-- cohort 2024-12-25 / game / area 1：4人
-- D0: 1360分 -> 13.60元 / 4 = 3.40
-- D1: +1360分 -> 累计2720分 / 4 = 6.80
-- D3: +3240分 -> 累计5960分 / 4 = 14.90
-- D7: +5600分 -> 累计11560分 / 4 = 28.90
-- D14: +7460分 -> 累计19020分 / 4 = 47.55
INSERT INTO ads_ltv_cohort (
    id, cohort_date, ltv_day, channel_code, area_code, system_code,
    cohort_user_num, pay_user_num, revenue_cent, cumulative_revenue_cent,
    ltv_amount, arpu_amount, arppu_amount, created_at, updated_at
) VALUES
(1, '2024-12-25', 0, 'game', '1', '', 4, 2, 1360, 1360, 3.400000, 3.400000, 6.800000, '2024-12-25 23:59:59.000', '2024-12-25 23:59:59.000'),
(2, '2024-12-25', 1, 'game', '1', '', 4, 1, 1360, 2720, 6.800000, 3.400000, 13.600000, '2024-12-26 23:59:59.000', '2024-12-26 23:59:59.000'),
(3, '2024-12-25', 3, 'game', '1', '', 4, 1, 3240, 5960, 14.900000, 8.100000, 32.400000, '2024-12-28 23:59:59.000', '2024-12-28 23:59:59.000'),
(4, '2024-12-25', 7, 'game', '1', '', 4, 1, 5600, 11560, 28.900000, 14.000000, 56.000000, '2025-01-01 23:59:59.000', '2025-01-01 23:59:59.000'),
(5, '2024-12-25', 14, 'game', '1', '', 4, 1, 7460, 19020, 47.550000, 18.650000, 74.600000, '2025-01-08 23:59:59.000', '2025-01-08 23:59:59.000');

-- 你可以直接感受的查询

-- 1. 看 2025-06-17 这个 cohort 的留存
-- SELECT * FROM ads_user_retention_cohort
-- WHERE cohort_date = '2025-06-17' AND channel_code = 'game' AND area_code = '25'
-- ORDER BY retention_day;

-- 2. 看 2024-12-25 这个 cohort 的 LTV 曲线
-- SELECT cohort_date, ltv_day, revenue_cent, cumulative_revenue_cent, ltv_amount
-- FROM ads_ltv_cohort
-- WHERE cohort_date = '2024-12-25' AND channel_code = 'game' AND area_code = '1'
-- ORDER BY ltv_day;

-- 3. 把 LTV 透视成你原 ES 风格
-- SELECT
--     cohort_date,
--     MAX(CASE WHEN ltv_day = 0 THEN ltv_amount END) AS ltv_0,
--     MAX(CASE WHEN ltv_day = 1 THEN ltv_amount END) AS ltv_1,
--     MAX(CASE WHEN ltv_day = 3 THEN ltv_amount END) AS ltv_3,
--     MAX(CASE WHEN ltv_day = 7 THEN ltv_amount END) AS ltv_7,
--     MAX(CASE WHEN ltv_day = 14 THEN ltv_amount END) AS ltv_14
-- FROM ads_ltv_cohort
-- WHERE cohort_date = '2024-12-25' AND channel_code = 'game' AND area_code = '1'
-- GROUP BY cohort_date;
